accountId,attributeName,attributeType,changePercent,id,initOutPercent,initPercent,maxPercent,minPercent,optimalOutPercent,proposedMarketValue,proposedPercent,workflowId
C,BOND,ASSET_CLASSES,0,2548,0.067325625,0,0.134651251,0.067325625,0.067325625,0,0,8939
C,BONDS,ASSET_CLASSES,0,2547,0.067325625,0,0.134651251,0.067325625,0.067325625,0,0,8939
C,EQUITIES,ASSET_CLASSES,-0.832213118,2546,0.832213118,1.101515619,0.269302501,0.201976876,0,2958.04372,0.269302501,8939
D,123,11,-0.014552633,2545,0.344563818,0.344890561,0.000326744,0,0.330011184,3628.462521,0.330337928,8939
D,BOND,ASSET_CLASSES,0,2544,0.032674375,0,0.065348749,0.032674375,0.032674375,0,0,8939
D,ENGINE,BUG,-0.014552633,2543,0,0.344890561,1.883677699,0.330337928,0,3628.462521,0.330337928,8939
D,UZAIR,MATRIX,-0.014552633,2542,0,0.344890561,0.653487493,0.326743747,0,3628.462521,0.330337928,8939
